{
	"class_name" : "PinholeCameraParameters",
	"extrinsic" : 
	[
		0.11836997574843838,
		0.97538987752447071,
		-0.18601918090377709,
		0.0,
		0.99193397877061884,
		-0.12470664981839327,
		-0.022698749995591506,
		0.0,
		-0.045337959830630256,
		-0.18183189575503708,
		-0.98228388518010701,
		0.0,
		-3.7666083636887775,
		-1.2868722384619125,
		10.937183626170535,
		1.0
	],
	"intrinsic" : 
	{
		"height" : 1024,
		"intrinsic_matrix" : 
		[
			886.81001347526524,
			0.0,
			0.0,
			0.0,
			886.81001347526524,
			0.0,
			511.5,
			511.5,
			1.0
		],
		"width" : 1024
	},
	"version_major" : 1,
	"version_minor" : 0
}