{
	"class_name" : "PinholeCameraParameters",
	"extrinsic" : 
	[
		-0.44444027137244824,
		-0.88752097401693064,
		0.12157041524327945,
		0.0,
		-0.8946492467547934,
		0.43285688266521843,
		-0.11062388716018895,
		0.0,
		0.045558429115427825,
		-0.15792859085481689,
		-0.98639900128048918,
		0.0,
		6.3507662743412805,
		1.9142313257496781,
		12.426101802845864,
		1.0
	],
	"intrinsic" : 
	{
		"height" : 1024,
		"intrinsic_matrix" : 
		[
			886.81001347526524,
			0.0,
			0.0,
			0.0,
			886.81001347526524,
			0.0,
			511.5,
			511.5,
			1.0
		],
		"width" : 1024
	},
	"version_major" : 1,
	"version_minor" : 0
}