{
	"class_name" : "PinholeCameraParameters",
	"extrinsic" : 
	[
		-0.86411793730272479,
		0.29910583108842492,
		-0.40476646629950325,
		0.0,
		0.46477708231732295,
		0.78279667474028602,
		-0.41377727072441695,
		0.0,
		0.19308664942010029,
		-0.54567853890771045,
		-0.81544618338138397,
		0.0,
		1.9403887871275249,
		-3.5751058330553427,
		13.063837819693859,
		1.0
	],
	"intrinsic" : 
	{
		"height" : 1024,
		"intrinsic_matrix" : 
		[
			886.81001347526524,
			0.0,
			0.0,
			0.0,
			886.81001347526524,
			0.0,
			511.5,
			511.5,
			1.0
		],
		"width" : 1024
	},
	"version_major" : 1,
	"version_minor" : 0
}