{
	"class_name" : "PinholeCameraParameters",
	"extrinsic" : 
	[
		0.98644274204841553,
		-0.14716298176366083,
		-0.072620750880389162,
		0.0,
		-0.13822915993811546,
		-0.98362557429927955,
		0.11564354252276873,
		0.0,
		-0.08845007633013105,
		-0.10403742779808116,
		-0.99063252400390789,
		0.0,
		-0.66311944909446963,
		1.0264389671914818,
		4.1219304176727585,
		1.0
	],
	"intrinsic" : 
	{
		"height" : 1024,
		"intrinsic_matrix" : 
		[
			886.81001347526524,
			0.0,
			0.0,
			0.0,
			886.81001347526524,
			0.0,
			511.5,
			511.5,
			1.0
		],
		"width" : 1024
	},
	"version_major" : 1,
	"version_minor" : 0
}