{
	"class_name" : "PinholeCameraParameters",
	"extrinsic" : 
	[
		0.0027175834196677684,
		-0.86956567111757677,
		0.4938098402767967,
		0.0,
		-0.99225011312659483,
		-0.063689749422163225,
		-0.10669268399849055,
		0.0,
		0.12422692035391061,
		-0.48969292360864314,
		-0.86299971774445139,
		0.0,
		4.239269119100098,
		3.8431917315213471,
		5.5389770006598926,
		1.0
	],
	"intrinsic" : 
	{
		"height" : 1024,
		"intrinsic_matrix" : 
		[
			886.81001347526524,
			0.0,
			0.0,
			0.0,
			886.81001347526524,
			0.0,
			511.5,
			511.5,
			1.0
		],
		"width" : 1024
	},
	"version_major" : 1,
	"version_minor" : 0
}