{
	"class_name" : "PinholeCameraParameters",
	"extrinsic" : 
	[
		-0.80623857152709266,
		0.2438439552516882,
		-0.53899860043340175,
		0.0,
		0.56497880253942223,
		0.58755855374008603,
		-0.57928740587723748,
		0.0,
		0.17543750586198439,
		-0.77156663446138674,
		-0.6114790349005067,
		0.0,
		0.27712676779921996,
		-1.4374629684639038,
		10.415466436680262,
		1.0
	],
	"intrinsic" : 
	{
		"height" : 1024,
		"intrinsic_matrix" : 
		[
			886.81001347526524,
			0.0,
			0.0,
			0.0,
			886.81001347526524,
			0.0,
			511.5,
			511.5,
			1.0
		],
		"width" : 1024
	},
	"version_major" : 1,
	"version_minor" : 0
}