{
	"class_name" : "PinholeCameraParameters",
	"extrinsic" : 
	[
		-0.91498140882898993,
		0.23095464927609963,
		-0.33086095489657086,
		0.0,
		0.4034580670685306,
		0.53491482984033123,
		-0.74235282240604084,
		0.0,
		0.0055325956513988528,
		-0.81272755262427487,
		-0.5826176409882512,
		0.0,
		1.5677846670621587,
		-0.25889581606628997,
		8.8995483287059898,
		1.0
	],
	"intrinsic" : 
	{
		"height" : 1024,
		"intrinsic_matrix" : 
		[
			886.81001347526524,
			0.0,
			0.0,
			0.0,
			886.81001347526524,
			0.0,
			511.5,
			511.5,
			1.0
		],
		"width" : 1024
	},
	"version_major" : 1,
	"version_minor" : 0
}